主队,客队,开球时间,结束时间,场地,阶段,分组,轮次,外部比赛ID
合成球队1,合成球队2,2026-09-29 14:00,,隔离人工验收,小组赛,A组,第1轮,
合成球队4,合成球队1,2026-09-30 14:00,,隔离人工验收,小组赛,A组,第1轮,
合成球队3,合成球队4,2026-10-01 14:00,,隔离人工验收,小组赛,A组,第1轮,
合成球队2,合成球队3,2026-10-02 14:00,,隔离人工验收,小组赛,A组,第2轮,
合成球队1,合成球队2,2026-10-03 14:00,,隔离人工验收,小组赛,A组,第2轮,
合成球队4,合成球队1,2026-10-04 14:00,,隔离人工验收,小组赛,A组,第2轮,
合成球队3,合成球队4,2026-10-05 14:00,,隔离人工验收,小组赛,A组,第3轮,
合成球队2,合成球队3,2026-10-06 14:00,,隔离人工验收,小组赛,A组,第3轮,
合成球队1,合成球队2,2026-10-07 14:00,,隔离人工验收,小组赛,A组,第3轮,
合成球队5,合成球队6,2026-10-08 14:00,,隔离人工验收,小组赛,B组,第1轮,
合成球队8,合成球队5,2026-10-09 14:00,,隔离人工验收,小组赛,B组,第1轮,
合成球队7,合成球队8,2026-10-10 14:00,,隔离人工验收,小组赛,B组,第1轮,
合成球队6,合成球队7,2026-10-11 14:00,,隔离人工验收,小组赛,B组,第2轮,
合成球队5,合成球队6,2026-10-12 14:00,,隔离人工验收,小组赛,B组,第2轮,
合成球队8,合成球队5,2026-10-13 14:00,,隔离人工验收,小组赛,B组,第2轮,
合成球队7,合成球队8,2026-10-14 14:00,,隔离人工验收,小组赛,B组,第3轮,
合成球队6,合成球队7,2026-10-15 14:00,,隔离人工验收,小组赛,B组,第3轮,
合成球队5,合成球队6,2026-10-16 14:00,,隔离人工验收,小组赛,B组,第3轮,
合成球队9,合成球队10,2026-10-17 14:00,,隔离人工验收,小组赛,C组,第1轮,
合成球队12,合成球队9,2026-10-18 14:00,,隔离人工验收,小组赛,C组,第1轮,
合成球队11,合成球队12,2026-10-19 14:00,,隔离人工验收,小组赛,C组,第1轮,
合成球队10,合成球队11,2026-10-20 14:00,,隔离人工验收,小组赛,C组,第2轮,
合成球队9,合成球队10,2026-10-21 14:00,,隔离人工验收,小组赛,C组,第2轮,
合成球队12,合成球队9,2026-10-22 14:00,,隔离人工验收,小组赛,C组,第2轮,
合成球队11,合成球队12,2026-10-23 14:00,,隔离人工验收,小组赛,C组,第3轮,
合成球队10,合成球队11,2026-10-24 14:00,,隔离人工验收,小组赛,C组,第3轮,
合成球队9,合成球队10,2026-10-25 14:00,,隔离人工验收,小组赛,C组,第3轮,
合成球队13,合成球队14,2026-10-26 14:00,,隔离人工验收,小组赛,D组,第1轮,
合成球队16,合成球队13,2026-10-27 14:00,,隔离人工验收,小组赛,D组,第1轮,
合成球队15,合成球队16,2026-10-28 14:00,,隔离人工验收,小组赛,D组,第1轮,
合成球队14,合成球队15,2026-10-29 14:00,,隔离人工验收,小组赛,D组,第2轮,
合成球队13,合成球队14,2026-10-30 14:00,,隔离人工验收,小组赛,D组,第2轮,
合成球队16,合成球队13,2026-10-31 14:00,,隔离人工验收,小组赛,D组,第2轮,
合成球队15,合成球队16,2026-11-01 14:00,,隔离人工验收,小组赛,D组,第3轮,
合成球队14,合成球队15,2026-11-02 14:00,,隔离人工验收,小组赛,D组,第3轮,
合成球队13,合成球队14,2026-11-03 14:00,,隔离人工验收,小组赛,D组,第3轮,
